{
  "Overall Accuracy": 0.8802153432032301,
  "Macro F1": 0.8909792764791806,
  "Weighted F1": 0.8772149647566893,
  "Macro Precision": 0.8990448362732847,
  "Macro Recall": 0.8876134036897266,
  "Average Confidence": 0.9344870448112488,
  "Confidence Std": 0.13039512932300568,
  "Average Severity": [
    0.23586010932922363,
    0.2251170426607132,
    0.29972559213638306,
    0.2392973005771637
  ],
  "Average Fluency": 0.5604473352432251,
  "Fluency Std": 0.08302813023328781
}